id;number;full_name;date_of_birth;address_details;contact_details
1;Mississippi embrace Developer;synthesize Idaho compress;2019-11-15;Poland;Small partnerships
2;Outdoors;Harbor Montana;2019-11-15;Concrete Investment Account Saint Lucia;User-centric
3;Money Market Account;Salad Web virtual;2019-11-15;RSS;mint green e-business EXE
4;back-end;granular Direct contextually-based;2019-11-15;Jewelery cutting-edge;Games
5;Iraq Bedfordshire;Concrete 24/7 Directives;2019-11-15;Mauritania;facilitate Tasty Concrete Chips Exclusive
6;Buckinghamshire capability zero tolerance;mission-critical;2019-11-14;paradigms Home;Investor Public-key
7;Lebanon;Designer Persistent;2019-11-15;navigate;Re-contextualized
8;web-enabled invoice withdrawal;bypassing optical;2019-11-15;Bedfordshire;Refined Rubber Gloves Algerian Dinar Clothing
9;open-source turn-key;Sausages;2019-11-15;synthesize Creative;Forint
10;Concrete Global SMS;Profound;2019-11-15;Designer Borders content-based;Tasty Customer Human
